App/Platform Name,Publisher Name,Type,Site Rating (gray or white),Category,Behavioral Keywords,Market Requests,Audience
"""13abc WTVG Toledo, OH""",,Mobile App,white,Broadcast/Cable,"Streaming, OTT",45891283,General Market
"""AOL Mail, News, Weather, Video""",,Mobile App,white,Broadcast/Cable,"News Consumers, Current Events, Streaming, OTT",10230126,General Market
"""BuzzFeed - Quiz, Trivia & News""",,Mobile App,white,Broadcast/Cable,"News Consumers, Current Events, Streaming, OTT",28058395,General Market
"""Fox News: US, World, & Election Headlines""",,Mobile App,white,Broadcast/Cable,"News Consumers, Current Events, Streaming, OTT",23158883,General Market
"""Fox News: US, World, & Election HeadlinesFox News: US, World, &…""",,Mobile App,white,Broadcast/Cable,"News Consumers, Current Events, Streaming, OTT",65173530,General Market
"""Huffington post - news, politics & entertainment""",,Mobile App,white,Broadcast/Cable,"News Consumers, Current Events, Entertainment, Streaming, OTT",481741538,General Market
"""Local Now - Free News, Weather, Movies""",,Mobile App,white,Broadcast/Cable,"News Consumers, Current Events, Streaming, OTT",476785539,General Market
"""NBC News: Breaking News, US News & Live Video - Android""",,Mobile App,white,Broadcast/Cable,"News Consumers, Current Events, Streaming, OTT",57181660,General Market
"""NBC News: Breaking News, US News & Live Video""",,Mobile App,white,Broadcast/Cable,"News Consumers, Current Events, Streaming, OTT",16184986,General Market
"""Portland, Oregon News from KGW""",,Mobile App,white,Broadcast/Cable,"News Consumers, Current Events, Streaming, OTT",15546594,General Market
"""Sling TV - Live Sports, News, Shows   Freestream""",,Mobile App,white,Broadcast/Cable,"News Consumers, Current Events, Sports Fans, Streaming, OTT",275483584,General Market
"""Sling TV - Live Sports, News, Shows + Freestream""",,Mobile App,white,Broadcast/Cable,"News Consumers, Current Events, Sports Fans, Streaming, OTT",757137977,General Market
"""Sling TV: Live Sports, News, Shows   Freestream""",,Mobile App,white,Broadcast/Cable,"News Consumers, Current Events, Sports Fans, Streaming, OTT",319433690,General Market
"""Sling TV: Live Sports, News, Shows + Freestream""",,Mobile App,white,Broadcast/Cable,"News Consumers, Current Events, Sports Fans, Streaming, OTT",329307179,General Market
"""Sling: LIve TV, Sports & News""",,Mobile App,white,Broadcast/Cable,"News Consumers, Current Events, Sports Fans, Streaming, OTT",61364188,General Market
"""TuneIn Radio: News, Music & FM""",,Mobile App,white,Broadcast/Cable,"News Consumers, Current Events, Entertainment, Streaming, OTT",156492355,General Market
"""TuneIn Radio: News, Sports & AM FM Music Stations""",,Mobile App,white,Broadcast/Cable,"News Consumers, Current Events, Sports Fans, Entertainment, Streaming, OTT",141469446,General Market
"""Very Local: Free 24/7 Local News, Weather & M""",,Mobile App,white,Broadcast/Cable,"News Consumers, Current Events, Streaming, OTT",162413519,General Market
"""WYBORCZA: fakty, newsy, opinie""",,Mobile App,white,Broadcast/Cable,"News Consumers, Current Events, Streaming, OTT",13229613,General Market
"""fuboTV: Watch Live Sports, TV Shows, Movies & News""",,Mobile App,white,Broadcast/Cable,"News Consumers, Current Events, Sports Fans, Streaming, OTT",130446848,General Market
1011 News,,Mobile App,white,Broadcast/Cable,"News Consumers, Current Events, Streaming, OTT",10454848,General Market
13 Action News,,Mobile App,white,Broadcast/Cable,"News Consumers, Current Events, Streaming, OTT",12384105,General Market
13 ON YOUR SIDE News - WZZM,,Mobile App,white,Broadcast/Cable,"News Consumers, Current Events, Streaming, OTT",13126771,General Market
13News Now - WVEC,,Mobile App,white,Broadcast/Cable,"News Consumers, Current Events, Streaming, OTT",12228664,General Market
13WMAZ Central Georgia News,,Mobile App,white,Broadcast/Cable,"News Consumers, Current Events, Streaming, OTT",22540127,General Market
13WMAZ: Central Georgia News,,Mobile App,white,Broadcast/Cable,"News Consumers, Current Events, Streaming, OTT",11781791,General Market
13abc News,,Mobile App,white,Broadcast/Cable,"News Consumers, Current Events, Streaming, OTT",57644098,General Market
14 NEWS WFIE Tri-State Leader,,Mobile App,white,Broadcast/Cable,"News Consumers, Current Events, Streaming, OTT",52399752,General Market
14 News WFIE Tri-State Leader,,Mobile App,white,Broadcast/Cable,"News Consumers, Current Events, Streaming, OTT",14859142,General Market
21 Alive News,,Mobile App,white,Broadcast/Cable,"News Consumers, Current Events, Streaming, OTT",12234411,General Market
21Alive News,,Mobile App,white,Broadcast/Cable,"News Consumers, Current Events, Streaming, OTT",12576245,General Market
23 News To Go,,Mobile App,white,Broadcast/Cable,"News Consumers, Current Events, Streaming, OTT",11924397,General Market
365Scores: Live Scores & News,,Mobile App,white,Broadcast/Cable,"News Consumers, Current Events, Streaming, OTT",68705988,General Market
7 News HD - Boston News Source,,Mobile App,white,Broadcast/Cable,"News Consumers, Current Events, Streaming, OTT",67816232,General Market
9&10News,,Mobile App,white,Broadcast/Cable,"News Consumers, Current Events, Streaming, OTT",36502703,General Market
ABC 7,,Mobile App,white,Broadcast/Cable,"Streaming, OTT",25756344,General Market
ABC Action News Tampa Bay,,Mobile App,white,Broadcast/Cable,"News Consumers, Current Events, Streaming, OTT",11708084,General Market
ABC Action News Tampa Bay WFTS,,Mobile App,white,Broadcast/Cable,"News Consumers, Current Events, Streaming, OTT",50347198,General Market
ABC Action News Tampa Bay WFTSABC Action News Tampa…,,Mobile App,white,Broadcast/Cable,"News Consumers, Current Events, Streaming, OTT",28665718,General Market
ABC12 News - WJRT,,Mobile App,white,Broadcast/Cable,"News Consumers, Current Events, Streaming, OTT",54500405,General Market
ABC12+News+-+WJRT,,Mobile App,white,Broadcast/Cable,"News Consumers, Current Events, Streaming, OTT",13114827,General Market
ABC7 Sarasota,,Mobile App,white,Broadcast/Cable,"Streaming, OTT",71150258,General Market
ABC7 Sarasota Tampa,,Mobile App,white,Broadcast/Cable,"Streaming, OTT",10430975,General Market
AS - Sports news,,Mobile App,white,Broadcast/Cable,"News Consumers, Current Events, Sports Fans, Streaming, OTT",12114680,General Market
Aaj Tak Hindi News Live TV App,,Mobile App,white,Broadcast/Cable,"News Consumers, Current Events, Streaming, OTT",19928235,General Market
Action News 5,,Mobile App,white,Broadcast/Cable,"News Consumers, Current Events, Streaming, OTT",93618482,General Market
Action News Now,,Mobile App,white,Broadcast/Cable,"News Consumers, Current Events, Streaming, OTT",34334112,General Market
Alaska's News Source,,Mobile App,white,Broadcast/Cable,"News Consumers, Current Events, Streaming, OTT",25493483,General Market
America's Voice News,,Mobile App,white,Broadcast/Cable,"News Consumers, Current Events, Streaming, OTT",1820798241,General Market
Arkansas News from THV11,,Mobile App,white,Broadcast/Cable,"News Consumers, Current Events, Streaming, OTT",11463981,General Market
Atlanta News First,,Mobile App,white,Broadcast/Cable,"News Consumers, Current Events, Streaming, OTT",48167842,General Market
Atlanta News First +,,Mobile App,white,Broadcast/Cable,"News Consumers, Current Events, Streaming, OTT",50410347,General Market
BBC: World News & Stories,,Mobile App,white,Broadcast/Cable,"News Consumers, Current Events, Streaming, OTT",364153579,General Market
BET,,CTV,white,Broadcast/Cable,"African American, Black Culture, Multicultural, Streaming, OTT",,African American
Boston 25 News,,Mobile App,white,Broadcast/Cable,"News Consumers, Current Events, Streaming, OTT",63188874,General Market
Boston+25+News,,Mobile App,white,Broadcast/Cable,"News Consumers, Current Events, Streaming, OTT",61440946,General Market
Brown Sugar,,CTV,white,Broadcast/Cable,"African American, Black Culture, Multicultural, Streaming, OTT",,African American
Buffalo News from WGRZ,,Mobile App,white,Broadcast/Cable,"News Consumers, Current Events, Streaming, OTT",12117658,General Market
CBC News,,Mobile App,white,Broadcast/Cable,"News Consumers, Current Events, Streaming, OTT",47388510,General Market
CBS,,Mobile App,white,Broadcast/Cable,"Streaming, OTT",87631658,General Market
CBS 6 News Richmond WTVR,,CTV,white,Broadcast/Cable,"African American, Black Culture, Multicultural, News Consumers, Current Events, Streaming, OTT",,African American
CBS News,,Mobile App,white,Broadcast/Cable,"News Consumers, Current Events, Streaming, OTT",1289728047,General Market
CBS News - Fire TV,,Mobile App,white,Broadcast/Cable,"News Consumers, Current Events, Streaming, OTT",25603471,General Market
CBS News - Live Breaking News,,Mobile App,white,Broadcast/Cable,"News Consumers, Current Events, Streaming, OTT",32273428,General Market
CBS News Bay Area,,Mobile App,white,Broadcast/Cable,"News Consumers, Current Events, Streaming, OTT",73451497,General Market
CBS News: Live Breaking News,,Mobile App,white,Broadcast/Cable,"News Consumers, Current Events, Streaming, OTT",310821628,General Market
CBS Sports,,Mobile App,white,Broadcast/Cable,"Sports Fans, Streaming, OTT",9664594,General Market
CBS Sports App,,Mobile App,white,Broadcast/Cable,"Sports Fans, Streaming, OTT",62073102,General Market
CBS Sports App: Scores & News,,Mobile App,white,Broadcast/Cable,"News Consumers, Current Events, Sports Fans, Streaming, OTT",626468611,General Market
CBS Sports Stream & Watch Live,,Mobile App,white,Broadcast/Cable,"Sports Fans, Streaming, OTT",106754751,General Market
CBS19 News Now,,Mobile App,white,Broadcast/Cable,"News Consumers, Current Events, Streaming, OTT",10043841,General Market
CNN,,CTV,white,Broadcast/Cable,"African American, Black Culture, Multicultural, Streaming, OTT",,African American
Channel 3 Eyewitness News WFSB,,Mobile App,white,Broadcast/Cable,"News Consumers, Current Events, Streaming, OTT",9104811,General Market
Charlotte News from WCNC,,CTV,white,Broadcast/Cable,"African American, Black Culture, Multicultural, News Consumers, Current Events, Streaming, OTT",,African American
Cleveland 19 News,,Mobile App,white,Broadcast/Cable,"News Consumers, Current Events, Streaming, OTT",109188905,General Market
Cleveland 19 News Plus,,Mobile App,white,Broadcast/Cable,"News Consumers, Current Events, Streaming, OTT",131901163,General Market
Cleveland News from WKYC,,Mobile App,white,Broadcast/Cable,"News Consumers, Current Events, Streaming, OTT",10133784,General Market
Columbia News from WLTX News19,,Mobile App,white,Broadcast/Cable,"News Consumers, Current Events, Streaming, OTT",24193813,General Market
Daily Mail: Breaking News,,Mobile App,white,Broadcast/Cable,"News Consumers, Current Events, Streaming, OTT",1587018825,General Market
Daily News: Local & Alerts,,Mobile App,white,Broadcast/Cable,"News Consumers, Current Events, Streaming, OTT",76388706,General Market
Daily Telugu News - Samayam,,Mobile App,white,Broadcast/Cable,"News Consumers, Current Events, Streaming, OTT",12147435,General Market
Dakota News Now,,Mobile App,white,Broadcast/Cable,"News Consumers, Current Events, Streaming, OTT",23559295,General Market
Denver News from 9News,,Mobile App,white,Broadcast/Cable,"News Consumers, Current Events, Streaming, OTT",36564161,General Market
ESPN,,Mobile App,white,Broadcast/Cable,"Sports Fans, Streaming, OTT",28188364,General Market
ESPN for Fire TV,,Mobile App,white,Broadcast/Cable,"Sports Fans, Streaming, OTT",90915166,General Market
Ei Samay - Bengali News App,,Mobile App,white,Broadcast/Cable,"News Consumers, Current Events, Streaming, OTT",10148391,General Market
Erie News Now,,Mobile App,white,Broadcast/Cable,"News Consumers, Current Events, Streaming, OTT",24085303,General Market
EstrellaTV,,Mobile App,white,Broadcast/Cable,"Hispanic, Latino, Spanish-Language, Multicultural, Streaming, OTT",110802967,Hispanic/Latino
FOX 12 Oregon,,Mobile App,white,Broadcast/Cable,"Streaming, OTT",201943625,General Market
FOX 13 News Utah,,Mobile App,white,Broadcast/Cable,"News Consumers, Current Events, Streaming, OTT",24035574,General Market
FOX 13 News UtahFOX 13 News Utah,,Mobile App,white,Broadcast/Cable,"News Consumers, Current Events, Streaming, OTT",9624928,General Market
FOX 17 West Michigan News,,Mobile App,white,Broadcast/Cable,"News Consumers, Current Events, Streaming, OTT",22434135,General Market
FOX 19 NOW Cincinnati Local,,Mobile App,white,Broadcast/Cable,"Streaming, OTT",389888047,General Market
FOX 8 WVUE,,Mobile App,white,Broadcast/Cable,"Streaming, OTT",14404151,General Market
FOX 8 WVUE Mobile,,Mobile App,white,Broadcast/Cable,"Streaming, OTT",112616231,General Market
FOX 8 WVUE New Orleans,,CTV,white,Broadcast/Cable,"African American, Black Culture, Multicultural, Streaming, OTT",,African American
FOX Carolina News,,Mobile App,white,Broadcast/Cable,"News Consumers, Current Events, Auto, Streaming, OTT",234294932,General Market
FOX NOW,,Mobile App,white,Broadcast/Cable,"Streaming, OTT",14366911,General Market
FOX Sports,,Mobile App,white,Broadcast/Cable,"Sports Fans, Streaming, OTT",183034812,General Market
FOX Sports: Watch Live,,Mobile App,white,Broadcast/Cable,"Sports Fans, Streaming, OTT",5361901867,General Market
FOX+8+WVUE+New+Orleans,,Mobile App,white,Broadcast/Cable,"Streaming, OTT",21552927,General Market
FOX10 News,,Mobile App,white,Broadcast/Cable,"News Consumers, Current Events, Streaming, OTT",177173616,General Market
FOX13 Memphis Now,,CTV,white,Broadcast/Cable,"African American, Black Culture, Multicultural, Streaming, OTT",,African American
FOX19 First Alert Weather - Android,,Mobile App,white,Broadcast/Cable,"Streaming, OTT",9074793,General Market
FOX19 Now,,Mobile App,white,Broadcast/Cable,"Streaming, OTT",33163759,General Market
FOX5 Vegas,,Mobile App,white,Broadcast/Cable,"Streaming, OTT",17065691,General Market
FOX5 Vegas - Las Vegas News,,Mobile App,white,Broadcast/Cable,"News Consumers, Current Events, Streaming, OTT",77498904,General Market
FOX61 CT News from WTIC,,Mobile App,white,Broadcast/Cable,"News Consumers, Current Events, Streaming, OTT",19555376,General Market
Flipboard - Your News Magazine,,Mobile App,white,Broadcast/Cable,"News Consumers, Current Events, Streaming, OTT",217772743,General Market
Fox Business,,Mobile App,white,Broadcast/Cable,"Streaming, OTT",17839615,General Market
Fox Business Network,,Mobile App,white,Broadcast/Cable,"Streaming, OTT",13904107,General Market
Fox Business: Invested In You,,Mobile App,white,Broadcast/Cable,"Streaming, OTT",43141800,General Market
Fox News,,Mobile App,white,Broadcast/Cable,"News Consumers, Current Events, Streaming, OTT",708352917,General Market
Fox News - Daily Breaking News,,Mobile App,white,Broadcast/Cable,"News Consumers, Current Events, Streaming, OTT",1639690813,General Market
Fox News Channel,,Mobile App,white,Broadcast/Cable,"News Consumers, Current Events, Streaming, OTT",1147110996,General Market
Fox News: US & World Headlines,,Mobile App,white,Broadcast/Cable,"News Consumers, Current Events, Streaming, OTT",5341108589,General Market
Fox Weather,,Mobile App,white,Broadcast/Cable,"Streaming, OTT",15995763,General Market
Fox13 Memphis,,Mobile App,white,Broadcast/Cable,"Streaming, OTT",99311535,General Market
Fox13+Memphis,,Mobile App,white,Broadcast/Cable,"Streaming, OTT",92239099,General Market
FoxFM - offline video player,,Mobile App,white,Broadcast/Cable,"Streaming, OTT",1781517669,General Market
FoxNews,,Mobile App,white,Broadcast/Cable,"News Consumers, Current Events, Streaming, OTT",1283323331,General Market
Greensboro News from WFMY,,CTV,white,Broadcast/Cable,"African American, Black Culture, Multicultural, News Consumers, Current Events, Streaming, OTT",,African American
Hawaii News Now,,Mobile App,white,Broadcast/Cable,"News Consumers, Current Events, Streaming, OTT",106583479,General Market
Haystack Local & World News,,Mobile App,white,Broadcast/Cable,"News Consumers, Current Events, Streaming, OTT",57893303,General Market
Haystack News: Free Local & World News,,Mobile App,white,Broadcast/Cable,"News Consumers, Current Events, Streaming, OTT",29726220,General Market
Houston News from KHOU 11,,CTV,white,Broadcast/Cable,"African American, Black Culture, Multicultural, News Consumers, Current Events, Streaming, OTT",,African American
HuffPost - News & Politics,,Mobile App,white,Broadcast/Cable,"News Consumers, Current Events, Streaming, OTT",20524928,General Market
Idaho News from KTVB,,Mobile App,white,Broadcast/Cable,"Asian American, AAPI, Multicultural, News Consumers, Current Events, Streaming, OTT",10364447,Asian American/AAPI
Indianapolis News from 13 WTHR,,Mobile App,white,Broadcast/Cable,"News Consumers, Current Events, Streaming, OTT",31500965,General Market
Irish Independent News,,Mobile App,white,Broadcast/Cable,"News Consumers, Current Events, Streaming, OTT",39195542,General Market
KALB News,,Mobile App,white,Broadcast/Cable,"News Consumers, Current Events, Streaming, OTT",24490472,General Market
KALB-TV News App,,Mobile App,white,Broadcast/Cable,"News Consumers, Current Events, Streaming, OTT",22185394,General Market
KBTX News,,Mobile App,white,Broadcast/Cable,"News Consumers, Current Events, Streaming, OTT",32706845,General Market
KCBD NewsChannel 11,,Mobile App,white,Broadcast/Cable,"News Consumers, Current Events, Streaming, OTT",13565342,General Market
KCCI 8 News - Des Moines,,Mobile App,white,Broadcast/Cable,"News Consumers, Current Events, Streaming, OTT",13756542,General Market
KCRA 3 News - Sacramento,,Mobile App,white,Broadcast/Cable,"News Consumers, Current Events, Streaming, OTT",11516572,General Market
KCRG News,,Mobile App,white,Broadcast/Cable,"News Consumers, Current Events, Streaming, OTT",125903787,General Market
KCRG TV9 News,,Mobile App,white,Broadcast/Cable,"News Consumers, Current Events, Streaming, OTT",127777757,General Market
KCTV5 News - Kansas City,,Mobile App,white,Broadcast/Cable,"News Consumers, Current Events, Streaming, OTT",47455441,General Market
KCTV5 News – Kansas City,,Mobile App,white,Broadcast/Cable,"News Consumers, Current Events, Streaming, OTT",43203532,General Market
KEZI 9 News,,Mobile App,white,Broadcast/Cable,"News Consumers, Current Events, Streaming, OTT",49011072,General Market
KFDA Amarillo - NewsChannel 10,,Mobile App,white,Broadcast/Cable,"News Consumers, Current Events, Streaming, OTT",16319864,General Market
KFVS12 - Heartland News,,Mobile App,white,Broadcast/Cable,"News Consumers, Current Events, Streaming, OTT",351821301,General Market
KFVS12+-+Heartland+News,,Mobile App,white,Broadcast/Cable,"News Consumers, Current Events, Streaming, OTT",9518189,General Market
KGNS News,,Mobile App,white,Broadcast/Cable,"News Consumers, Current Events, Streaming, OTT",10393065,General Market
KING 5 News for Seattle-Tacoma,,Mobile App,white,Broadcast/Cable,"News Consumers, Current Events, Streaming, OTT",15721097,General Market
KING 5 News for Seattle/Tacoma,,Mobile App,white,Broadcast/Cable,"News Consumers, Current Events, Streaming, OTT",9869324,General Market
KIRO 7 News,,Mobile App,white,Broadcast/Cable,"News Consumers, Current Events, Streaming, OTT",10915837,General Market
KKTV News,,Mobile App,white,Broadcast/Cable,"News Consumers, Current Events, Streaming, OTT",12795138,General Market
KLTV 7 News,,Mobile App,white,Broadcast/Cable,"News Consumers, Current Events, Streaming, OTT",134827217,General Market
KMOV News 4 St. Louis,,Mobile App,white,Broadcast/Cable,"News Consumers, Current Events, Streaming, OTT",301751097,General Market
KMOV News St. Louis,,Mobile App,white,Broadcast/Cable,"News Consumers, Current Events, Streaming, OTT",26118259,General Market
KNOE 8 News,,Mobile App,white,Broadcast/Cable,"News Consumers, Current Events, Streaming, OTT",38851898,General Market
KNOE News,,Mobile App,white,Broadcast/Cable,"News Consumers, Current Events, Streaming, OTT",26646355,General Market
KOLD News 13,,Mobile App,white,Broadcast/Cable,"News Consumers, Current Events, Streaming, OTT",12576460,General Market
KOLO 8 News Now,,Mobile App,white,Broadcast/Cable,"News Consumers, Current Events, Streaming, OTT",11113130,General Market
KOLO News,,Mobile App,white,Broadcast/Cable,"News Consumers, Current Events, Streaming, OTT",14551675,General Market
KOTA Territory News,,Mobile App,white,Broadcast/Cable,"News Consumers, Current Events, Streaming, OTT",16764223,General Market
KPLC 7 News,,Mobile App,white,Broadcast/Cable,"News Consumers, Current Events, Streaming, OTT",16296521,General Market
KPLC 7News,,Mobile App,white,Broadcast/Cable,"News Consumers, Current Events, Streaming, OTT",77368096,General Market
KPRC News,,Mobile App,white,Broadcast/Cable,"News Consumers, Current Events, Streaming, OTT",10225116,General Market
KPTV FOX 12 Oregon,,Mobile App,white,Broadcast/Cable,"Streaming, OTT",157874058,General Market
KPTV FOX 12 Oregon News,,Mobile App,white,Broadcast/Cable,"News Consumers, Current Events, Streaming, OTT",32288391,General Market
KSBY News,,Mobile App,white,Broadcast/Cable,"News Consumers, Current Events, Streaming, OTT",14961684,General Market
KSLA News 12,,Mobile App,white,Broadcast/Cable,"News Consumers, Current Events, Streaming, OTT",63253191,General Market
KSTP%205%20Eyewitness%20News,,Mobile App,white,Broadcast/Cable,"News Consumers, Current Events, Streaming, OTT",16167471,General Market
KSWO 7 NEWS,,Mobile App,white,Broadcast/Cable,"News Consumers, Current Events, Streaming, OTT",11049988,General Market
KTBS 3 News Shreveport,,CTV,white,Broadcast/Cable,"African American, Black Culture, Multicultural, News Consumers, Current Events, Streaming, OTT",,African American
KTRE 9 News,,Mobile App,white,Broadcast/Cable,"News Consumers, Current Events, Streaming, OTT",33960681,General Market
KTTC News,,Mobile App,white,Broadcast/Cable,"News Consumers, Current Events, Streaming, OTT",9905680,General Market
KTVN 2 News,,Mobile App,white,Broadcast/Cable,"News Consumers, Current Events, Streaming, OTT",11171105,General Market
KWCH 12 News,,Mobile App,white,Broadcast/Cable,"News Consumers, Current Events, Streaming, OTT",37297341,General Market
KWQC News|Quad Cities,,Mobile App,white,Broadcast/Cable,"News Consumers, Current Events, Streaming, OTT",18559160,General Market
KWTX News,,Mobile App,white,Broadcast/Cable,"News Consumers, Current Events, Streaming, OTT",18957539,General Market
KWTX News 10,,Mobile App,white,Broadcast/Cable,"News Consumers, Current Events, Streaming, OTT",17362680,General Market
KXII News,,Mobile App,white,Broadcast/Cable,"News Consumers, Current Events, Streaming, OTT",35889775,General Market
KY3 News,,Mobile App,white,Broadcast/Cable,"News Consumers, Current Events, Streaming, OTT",174084770,General Market
KY3+News,,Mobile App,white,Broadcast/Cable,"News Consumers, Current Events, Streaming, OTT",10161830,General Market
Knoxville News from WBIR,,Mobile App,white,Broadcast/Cable,"News Consumers, Current Events, Streaming, OTT",31077728,General Market
Local 3 News,,Mobile App,white,Broadcast/Cable,"News Consumers, Current Events, Streaming, OTT",103849853,General Market
Local News 8 - Eyewitness News 3,,Mobile App,white,Broadcast/Cable,"News Consumers, Current Events, Streaming, OTT",36154939,General Market
Local News: Breaking & Latest,,Mobile App,white,Broadcast/Cable,"News Consumers, Current Events, Streaming, OTT",165315745,General Market
Local+3+News,,Mobile App,white,Broadcast/Cable,"News Consumers, Current Events, Streaming, OTT",9304276,General Market
MailOnline: Breaking News,,Mobile App,white,Broadcast/Cable,"News Consumers, Current Events, Streaming, OTT",1127971669,General Market
Manorama News,,Mobile App,white,Broadcast/Cable,"News Consumers, Current Events, Streaming, OTT",9386046,General Market
Manorama Online: News & Videos,,Mobile App,white,Broadcast/Cable,"News Consumers, Current Events, Streaming, OTT",11455982,General Market
Marathi News Maharashtra Times,,Mobile App,white,Broadcast/Cable,"News Consumers, Current Events, Streaming, OTT",74366936,General Market
Moneycontrol - Markets & News,,Mobile App,white,Broadcast/Cable,"News Consumers, Current Events, Streaming, OTT",150653496,General Market
Moneycontrol-Share Market|News,,Mobile App,white,Broadcast/Cable,"News Consumers, Current Events, Streaming, OTT",751575612,General Market
NBC News,,Mobile App,white,Broadcast/Cable,"News Consumers, Current Events, Streaming, OTT",9122408,General Market
NBC News: Breaking & US News - Android,,Mobile App,white,Broadcast/Cable,"News Consumers, Current Events, Streaming, OTT",100511953,General Market
NBC News: Breaking News & Live,,Mobile App,white,Broadcast/Cable,"News Consumers, Current Events, Streaming, OTT",17842492,General Market
NBC12 News,,Mobile App,white,Broadcast/Cable,"News Consumers, Current Events, Streaming, OTT",15459126,General Market
NBT News : Hindi News Updates,,Mobile App,white,Broadcast/Cable,"News Consumers, Current Events, Streaming, OTT",154488824,General Market
NDTV : Daily News & Updates,,Mobile App,white,Broadcast/Cable,"News Consumers, Current Events, Streaming, OTT",54089613,General Market
NDTV News - India,,Mobile App,white,Broadcast/Cable,"News Consumers, Current Events, Streaming, OTT",9317899,General Market
NDTV News App,,Mobile App,white,Broadcast/Cable,"News Consumers, Current Events, Streaming, OTT",75074688,General Market
NEWS CENTER Maine,,Mobile App,white,Broadcast/Cable,"News Consumers, Current Events, Streaming, OTT",39858245,General Market
Navbharat Times - Hindi News,,Mobile App,white,Broadcast/Cable,"News Consumers, Current Events, Streaming, OTT",22123331,General Market
New Orleans News from WWL,,CTV,white,Broadcast/Cable,"African American, Black Culture, Multicultural, News Consumers, Current Events, Streaming, OTT",,African American
News,,Mobile App,white,Broadcast/Cable,"News Consumers, Current Events, Streaming, OTT",16590081,General Market
News 3 WTKR Norfolk,,CTV,white,Broadcast/Cable,"African American, Black Culture, Multicultural, News Consumers, Current Events, Streaming, OTT",,African American
News 5 Cleveland WEWS,,CTV,white,Broadcast/Cable,"African American, Black Culture, Multicultural, News Consumers, Current Events, Streaming, OTT",,African American
News 6+,,Mobile App,white,Broadcast/Cable,"News Consumers, Current Events, Streaming, OTT",9319592,General Market
News Break: Local & Breaking,,Mobile App,white,Broadcast/Cable,"News Consumers, Current Events, Streaming, OTT",2792319826,General Market
News Channel 5 Nashville WTVFNews Channel 5 Nashvill…,,Mobile App,white,Broadcast/Cable,"News Consumers, Current Events, Streaming, OTT",24962212,General Market
News12NewYork,,Mobile App,white,Broadcast/Cable,"News Consumers, Current Events, Streaming, OTT",24515045,General Market
News24: Trusted News. First,,Mobile App,white,Broadcast/Cable,"News Consumers, Current Events, Streaming, OTT",12451661,General Market
News4JAX+,,Mobile App,white,Broadcast/Cable,"News Consumers, Current Events, Streaming, OTT",37831804,General Market
News4Jax - WJXT Channel 4,,Mobile App,white,Broadcast/Cable,"News Consumers, Current Events, Streaming, OTT",26938877,General Market
News4Jax TV - WJXT,,Mobile App,white,Broadcast/Cable,"News Consumers, Current Events, Streaming, OTT",49890553,General Market
NewsBreak,,Mobile App,white,Broadcast/Cable,"News Consumers, Current Events, Streaming, OTT",7282907968,General Market
NewsBreak Local News & Alerts,,Mobile App,white,Broadcast/Cable,"News Consumers, Current Events, Streaming, OTT",208878627,General Market
NewsBreak: Local News & Alerts,,Mobile App,white,Broadcast/Cable,"News Consumers, Current Events, Streaming, OTT",2498834410,General Market
NewsChannel 13 KRDO.com,,Mobile App,white,Broadcast/Cable,"News Consumers, Current Events, Streaming, OTT",15052108,General Market
NewsChannel 5 Nashville WTVF,,Mobile App,white,Broadcast/Cable,"News Consumers, Current Events, Streaming, OTT",41711260,General Market
NewsIT,,Mobile App,white,Broadcast/Cable,"News Consumers, Current Events, Streaming, OTT",114990808,General Market
NewsNation: Unbiased News,,Mobile App,white,Broadcast/Cable,"News Consumers, Current Events, Streaming, OTT",27438341,General Market
NewsON,,Mobile App,white,Broadcast/Cable,"News Consumers, Current Events, Streaming, OTT",250488788,General Market
NewsOn,,Mobile App,white,Broadcast/Cable,"News Consumers, Current Events, Streaming, OTT",302292191,General Market
Newsbeast,,Mobile App,white,Broadcast/Cable,"News Consumers, Current Events, Streaming, OTT",65315111,General Market
Newsbeast.gr,,Mobile App,white,Broadcast/Cable,"News Consumers, Current Events, Streaming, OTT",68525123,General Market
Newspoint: Public News App,,Mobile App,white,Broadcast/Cable,"News Consumers, Current Events, Streaming, OTT",9909719,General Market
Newsy,,Mobile App,white,Broadcast/Cable,"News Consumers, Current Events, Streaming, OTT",17107946,General Market
OneFOX,,Mobile App,white,Broadcast/Cable,"Streaming, OTT",15331863,General Market
OneFootball  Soccer News,,Mobile App,white,Broadcast/Cable,"News Consumers, Current Events, Streaming, OTT",10842654,General Market
OneFootball - Football news,,Mobile App,white,Broadcast/Cable,"News Consumers, Current Events, Streaming, OTT",68168634,General Market
OneFootball - Soccer News,,Mobile App,white,Broadcast/Cable,"News Consumers, Current Events, Streaming, OTT",22988600,General Market
OneFox,,Mobile App,white,Broadcast/Cable,"Streaming, OTT",538090563,General Market
Opera News Final,,Mobile App,white,Broadcast/Cable,"News Consumers, Current Events, Streaming, OTT",75447010,General Market
Opera News: breaking & local,,Mobile App,white,Broadcast/Cable,"News Consumers, Current Events, Streaming, OTT",27325272,General Market
Promiflash News,,Mobile App,white,Broadcast/Cable,"News Consumers, Current Events, Streaming, OTT",12220390,General Market
Region 8 News - KAIT,,Mobile App,white,Broadcast/Cable,"News Consumers, Current Events, Streaming, OTT",196009414,General Market
Salem News Channel,,Mobile App,white,Broadcast/Cable,"News Consumers, Current Events, Streaming, OTT",52975348,General Market
San Antonio News from KENS 5,,Mobile App,white,Broadcast/Cable,"News Consumers, Current Events, Streaming, OTT",19514090,General Market
SmartNews: News That Matters,,Mobile App,white,Broadcast/Cable,"News Consumers, Current Events, Streaming, OTT",224313406,General Market
Spokane News from KREM,,Mobile App,white,Broadcast/Cable,"News Consumers, Current Events, Streaming, OTT",11860959,General Market
St. Louis News from KSDK,,CTV,white,Broadcast/Cable,"African American, Black Culture, Multicultural, News Consumers, Current Events, Streaming, OTT",,African American
TUDN: TU Deportes Network,,Mobile App,white,Broadcast/Cable,"Hispanic, Latino, Spanish-Language, Multicultural, Sports Fans, Streaming, OTT",33340481,Hispanic/Latino
TV6 & FOX UP,,Mobile App,white,Broadcast/Cable,"Streaming, OTT",16303033,General Market
TV9 News App: LIVE TV & News,,Mobile App,white,Broadcast/Cable,"News Consumers, Current Events, Streaming, OTT",24617906,General Market
The 9and10News App,,Mobile App,white,Broadcast/Cable,"News Consumers, Current Events, Streaming, OTT",17127127,General Market
The Guardian - Live World News,,Mobile App,white,Broadcast/Cable,"News Consumers, Current Events, Streaming, OTT",85977596,General Market
The Guardian - News & Sport,,Mobile App,white,Broadcast/Cable,"News Consumers, Current Events, Streaming, OTT",95731725,General Market
The Sun Mobile - Daily News,,Mobile App,white,Broadcast/Cable,"News Consumers, Current Events, Streaming, OTT",186663068,General Market
The Times of India - News App,,Mobile App,white,Broadcast/Cable,"News Consumers, Current Events, Streaming, OTT",132936940,General Market
Times Of India - News Updates,,Mobile App,white,Broadcast/Cable,"News Consumers, Current Events, Streaming, OTT",238896806,General Market
Univision,,Mobile App,white,Broadcast/Cable,"Hispanic, Latino, Spanish-Language, Multicultural, Streaming, OTT",22342370,Hispanic/Latino
Univision App: Univision & Unimas Free,,Mobile App,white,Broadcast/Cable,"Hispanic, Latino, Spanish-Language, Multicultural, Streaming, OTT",12957199,Hispanic/Latino
Univision NOW,,Mobile App,white,Broadcast/Cable,"Hispanic, Latino, Spanish-Language, Multicultural, Streaming, OTT",142308172,Hispanic/Latino
Univision Now,,Mobile App,white,Broadcast/Cable,"Hispanic, Latino, Spanish-Language, Multicultural, Streaming, OTT",13270666,Hispanic/Latino
Univision Now: TV en Vivo,,Mobile App,white,Broadcast/Cable,"Hispanic, Latino, Spanish-Language, Multicultural, Streaming, OTT",11472698,Hispanic/Latino
Univision PrendeTV,,Mobile App,white,Broadcast/Cable,"Hispanic, Latino, Spanish-Language, Multicultural, Streaming, OTT",29360829,Hispanic/Latino
UnivisionNOW,,Mobile App,white,Broadcast/Cable,"Hispanic, Latino, Spanish-Language, Multicultural, Streaming, OTT",136263943,Hispanic/Latino
UnivisionNow,,Mobile App,white,Broadcast/Cable,"Hispanic, Latino, Spanish-Language, Multicultural, Streaming, OTT",332924469,Hispanic/Latino
VH1,,CTV,white,Broadcast/Cable,"African American, Black Culture, Multicultural, Streaming, OTT",,African American
VNL News,,Mobile App,white,Broadcast/Cable,"News Consumers, Current Events, Streaming, OTT",43004325,General Market
VUit News,,Mobile App,white,Broadcast/Cable,"News Consumers, Current Events, Streaming, OTT",657454328,General Market
VUit+News,,Mobile App,white,Broadcast/Cable,"News Consumers, Current Events, Streaming, OTT",23616138,General Market
Very Local: News & Weather,,Mobile App,white,Broadcast/Cable,"News Consumers, Current Events, Streaming, OTT",34144426,General Market
Vijay Karnataka - Kannada News,,Mobile App,white,Broadcast/Cable,"News Consumers, Current Events, Streaming, OTT",21267085,General Market
WAAY+31+News,,Mobile App,white,Broadcast/Cable,"News Consumers, Current Events, Streaming, OTT",10238816,General Market
WABC Android,,Mobile App,white,Broadcast/Cable,"Streaming, OTT",15333050,General Market
WAFB Local News,,Mobile App,white,Broadcast/Cable,"News Consumers, Current Events, Streaming, OTT",51845350,General Market
WAFF 48 Local News,,Mobile App,white,Broadcast/Cable,"News Consumers, Current Events, Streaming, OTT",23159599,General Market
WAFF 48 News,,Mobile App,white,Broadcast/Cable,"News Consumers, Current Events, Streaming, OTT",79838298,General Market
WAGM News,,Mobile App,white,Broadcast/Cable,"News Consumers, Current Events, Streaming, OTT",15636070,General Market
WALA FOX10 News Mobile,,Mobile App,white,Broadcast/Cable,"News Consumers, Current Events, Streaming, OTT",11714746,General Market
WALB News 10,,Mobile App,white,Broadcast/Cable,"News Consumers, Current Events, Streaming, OTT",159301407,General Market
WALB Your Hometown News Source!,,Mobile App,white,Broadcast/Cable,"African American, Black Culture, Multicultural, News Consumers, Current Events, Home, DIY, Streaming, OTT",47482629,African American
WAVE Local News,,Mobile App,white,Broadcast/Cable,"News Consumers, Current Events, Streaming, OTT",12515516,General Market
WBKO News,,Mobile App,white,Broadcast/Cable,"News Consumers, Current Events, Streaming, OTT",98568785,General Market
WBNG 12 News,,Mobile App,white,Broadcast/Cable,"News Consumers, Current Events, Streaming, OTT",14321803,General Market
WBRC FOX 6 News,,Mobile App,white,Broadcast/Cable,"News Consumers, Current Events, Streaming, OTT",68218976,General Market
WBRC FOX6 News,,Mobile App,white,Broadcast/Cable,"News Consumers, Current Events, Streaming, OTT",3522994393,General Market
WBRC+FOX6+News,,Mobile App,white,Broadcast/Cable,"News Consumers, Current Events, Streaming, OTT",50975170,General Market
WCAX Channel 3 News: VT-NY-NH,,Mobile App,white,Broadcast/Cable,"News Consumers, Current Events, Streaming, OTT",25102644,General Market
WCAX Channel 3: VT-NY-NH News,,Mobile App,white,Broadcast/Cable,"News Consumers, Current Events, Streaming, OTT",137608551,General Market
WCJB News,,Mobile App,white,Broadcast/Cable,"News Consumers, Current Events, Streaming, OTT",38545484,General Market
WCJB TV-20 News,,Mobile App,white,Broadcast/Cable,"News Consumers, Current Events, Streaming, OTT",23741809,General Market
WCSC Live 5 News,,Mobile App,white,Broadcast/Cable,"News Consumers, Current Events, Streaming, OTT",25262723,General Market
WCTV News,,Mobile App,white,Broadcast/Cable,"News Consumers, Current Events, Streaming, OTT",177295682,General Market
WCVB NewsCenter 5 & Weather - Boston - iOS App,,Mobile App,white,Broadcast/Cable,"News Consumers, Current Events, Streaming, OTT",11191168,General Market
WCVB NewsCenter 5 - Boston,,Mobile App,white,Broadcast/Cable,"News Consumers, Current Events, Streaming, OTT",30893180,General Market
WDAM 7 News,,Mobile App,white,Broadcast/Cable,"News Consumers, Current Events, Streaming, OTT",90345741,General Market
WDAM Local News,,Mobile App,white,Broadcast/Cable,"News Consumers, Current Events, Streaming, OTT",25874992,General Market
WDBJ News,,Mobile App,white,Broadcast/Cable,"News Consumers, Current Events, Streaming, OTT",89783067,General Market
WDRB News,,Mobile App,white,Broadcast/Cable,"News Consumers, Current Events, Streaming, OTT",145452234,General Market
WDRB News Louisville FOX 41,,Mobile App,white,Broadcast/Cable,"News Consumers, Current Events, Streaming, OTT",15640510,General Market
WDTV News,,Mobile App,white,Broadcast/Cable,"News Consumers, Current Events, Streaming, OTT",9730941,General Market
WECT 6 Where News Come First,,Mobile App,white,Broadcast/Cable,"News Consumers, Current Events, Streaming, OTT",17422760,General Market
WECT News 6,,Mobile App,white,Broadcast/Cable,"News Consumers, Current Events, Streaming, OTT",90660570,General Market
WEEK 25 News,,Mobile App,white,Broadcast/Cable,"News Consumers, Current Events, Streaming, OTT",19666349,General Market
WENY News,,Mobile App,white,Broadcast/Cable,"News Consumers, Current Events, Streaming, OTT",17038175,General Market
WESH 2 News - Orlando,,Mobile App,white,Broadcast/Cable,"News Consumers, Current Events, Streaming, OTT",12246387,General Market
WFAA - News from North Texas,,Mobile App,white,Broadcast/Cable,"News Consumers, Current Events, Streaming, OTT",16961086,General Market
WFLX FOX 29,,Mobile App,white,Broadcast/Cable,"Streaming, OTT",25186683,General Market
WFLX Fox 29,,Mobile App,white,Broadcast/Cable,"Streaming, OTT",41036186,General Market
WFTV News,,Mobile App,white,Broadcast/Cable,"News Consumers, Current Events, Streaming, OTT",13834792,General Market
WFTV+News,,Mobile App,white,Broadcast/Cable,"News Consumers, Current Events, Streaming, OTT",27699502,General Market
WGEM News,,Mobile App,white,Broadcast/Cable,"News Consumers, Current Events, Streaming, OTT",31129875,General Market
WHIO News,,Mobile App,white,Broadcast/Cable,"News Consumers, Current Events, Streaming, OTT",16043247,General Market
WHSV News,,Mobile App,white,Broadcast/Cable,"News Consumers, Current Events, Streaming, OTT",40519250,General Market
WIBW News,,Mobile App,white,Broadcast/Cable,"News Consumers, Current Events, Streaming, OTT",23129803,General Market
WILX News,,Mobile App,white,Broadcast/Cable,"News Consumers, Current Events, Streaming, OTT",11648942,General Market
WINK News,,Mobile App,white,Broadcast/Cable,"News Consumers, Current Events, Streaming, OTT",227557959,General Market
WINK+News,,Mobile App,white,Broadcast/Cable,"News Consumers, Current Events, Streaming, OTT",29417561,General Market
WIS News 10,,Mobile App,white,Broadcast/Cable,"News Consumers, Current Events, Streaming, OTT",155545364,General Market
WITN News,,Mobile App,white,Broadcast/Cable,"News Consumers, Current Events, Streaming, OTT",75638716,General Market
WJAX News,,Mobile App,white,Broadcast/Cable,"News Consumers, Current Events, Streaming, OTT",40694609,General Market
WJAX+News,,Mobile App,white,Broadcast/Cable,"News Consumers, Current Events, Streaming, OTT",49538093,General Market
WJHG News,,Mobile App,white,Broadcast/Cable,"News Consumers, Current Events, Streaming, OTT",33559066,General Market
WKTV NEWSChannel 2,,Mobile App,white,Broadcast/Cable,"News Consumers, Current Events, Streaming, OTT",13687401,General Market
WKTV+NEWSChannel+2,,Mobile App,white,Broadcast/Cable,"News Consumers, Current Events, Streaming, OTT",54869854,General Market
WKYT News,,Mobile App,white,Broadcast/Cable,"News Consumers, Current Events, Streaming, OTT",327674839,General Market
WKYT+News,,Mobile App,white,Broadcast/Cable,"News Consumers, Current Events, Streaming, OTT",10805819,General Market
WLFI News 18,,Mobile App,white,Broadcast/Cable,"News Consumers, Current Events, Streaming, OTT",18158297,General Market
WLOX Local News,,Mobile App,white,Broadcast/Cable,"News Consumers, Current Events, Streaming, OTT",228628308,General Market
WLUC TV6 & FOX UP,,Mobile App,white,Broadcast/Cable,"Streaming, OTT",11584939,General Market
WMBF News,,Mobile App,white,Broadcast/Cable,"News Consumers, Current Events, Streaming, OTT",43032518,General Market
WMTV NBC15 News,,Mobile App,white,Broadcast/Cable,"News Consumers, Current Events, Streaming, OTT",29175991,General Market
WMTV News,,Mobile App,white,Broadcast/Cable,"News Consumers, Current Events, Streaming, OTT",66499753,General Market
WMUR News 9 - New Hampshire,,Mobile App,white,Broadcast/Cable,"News Consumers, Current Events, Streaming, OTT",20757935,General Market
WNDU News,,Mobile App,white,Broadcast/Cable,"News Consumers, Current Events, Streaming, OTT",18504931,General Market
WNEM TV5 News,,Mobile App,white,Broadcast/Cable,"News Consumers, Current Events, Streaming, OTT",75822926,General Market
WNEP The News Station,,Mobile App,white,Broadcast/Cable,"News Consumers, Current Events, Streaming, OTT",82072844,General Market
WNYT%20NewsChannel%2013,,Mobile App,white,Broadcast/Cable,"News Consumers, Current Events, Streaming, OTT",10001237,General Market
WOIO Cleveland 19 News,,Mobile App,white,Broadcast/Cable,"News Consumers, Current Events, Streaming, OTT",52277231,General Market
WOWT 6 News,,Mobile App,white,Broadcast/Cable,"News Consumers, Current Events, Streaming, OTT",25749829,General Market
WPSD+Local+6+News,,Mobile App,white,Broadcast/Cable,"News Consumers, Current Events, Streaming, OTT",9754674,General Market
WPTV NewsChannel 5 West Palm,,Mobile App,white,Broadcast/Cable,"News Consumers, Current Events, Streaming, OTT",34399542,General Market
WPXI News,,Mobile App,white,Broadcast/Cable,"News Consumers, Current Events, Streaming, OTT",9985291,General Market
WPXI+News,,Mobile App,white,Broadcast/Cable,"News Consumers, Current Events, Streaming, OTT",24231588,General Market
WRDW News,,Mobile App,white,Broadcast/Cable,"News Consumers, Current Events, Streaming, OTT",29624731,General Market
WRDW News 12-WAGT NBC 26,,Mobile App,white,Broadcast/Cable,"News Consumers, Current Events, Streaming, OTT",12539645,General Market
WSAZ News,,Mobile App,white,Broadcast/Cable,"News Consumers, Current Events, Streaming, OTT",2325761162,General Market
WSAZ+News,,Mobile App,white,Broadcast/Cable,"News Consumers, Current Events, Streaming, OTT",30271352,General Market
WSB-TV News,,Mobile App,white,Broadcast/Cable,"News Consumers, Current Events, Streaming, OTT",13778488,General Market
WSBTV News,,Mobile App,white,Broadcast/Cable,"News Consumers, Current Events, Streaming, OTT",50660149,General Market
WSBTV+News,,Mobile App,white,Broadcast/Cable,"News Consumers, Current Events, Streaming, OTT",92848291,General Market
WSFA 12 News,,Mobile App,white,Broadcast/Cable,"News Consumers, Current Events, Streaming, OTT",245969878,General Market
WSFA+12+News,,Mobile App,white,Broadcast/Cable,"News Consumers, Current Events, Streaming, OTT",10936795,General Market
WSMV 4 News,,Mobile App,white,Broadcast/Cable,"News Consumers, Current Events, Streaming, OTT",9903733,General Market
WSOC-TV Channel 9 Eyewitness News Charlotte,,Mobile App,white,Broadcast/Cable,"News Consumers, Current Events, Streaming, OTT",12024220,General Market
WSVN - 7 News Miami,,Mobile App,white,Broadcast/Cable,"News Consumers, Current Events, Streaming, OTT",26272840,General Market
WTHI News 10,,Mobile App,white,Broadcast/Cable,"News Consumers, Current Events, Streaming, OTT",36793534,General Market
WTOC 11 News,,Mobile App,white,Broadcast/Cable,"News Consumers, Current Events, Streaming, OTT",215653057,General Market
WTOC+11+News,,Mobile App,white,Broadcast/Cable,"News Consumers, Current Events, Streaming, OTT",9810786,General Market
WTOK News,,Mobile App,white,Broadcast/Cable,"News Consumers, Current Events, Streaming, OTT",51778718,General Market
WTOL 11: Toledo's News Leader,,Mobile App,white,Broadcast/Cable,"News Consumers, Current Events, Streaming, OTT",12251200,General Market
WTVA 9 News,,Mobile App,white,Broadcast/Cable,"News Consumers, Current Events, Streaming, OTT",92702455,General Market
WTVA%209%20News,,Mobile App,white,Broadcast/Cable,"News Consumers, Current Events, Streaming, OTT",69080227,General Market
WTVA%25209%2520News,,Mobile App,white,Broadcast/Cable,"News Consumers, Current Events, Streaming, OTT",43823681,General Market
WTVA+9+News,,Mobile App,white,Broadcast/Cable,"News Consumers, Current Events, Streaming, OTT",146989897,General Market
WTVM News Leader 9,,Mobile App,white,Broadcast/Cable,"News Consumers, Current Events, Streaming, OTT",29722279,General Market
WTVY News,,Mobile App,white,Broadcast/Cable,"News Consumers, Current Events, Streaming, OTT",27408033,General Market
WTVY News 4,,Mobile App,white,Broadcast/Cable,"News Consumers, Current Events, Streaming, OTT",10388270,General Market
WVLT News,,Mobile App,white,Broadcast/Cable,"News Consumers, Current Events, Streaming, OTT",177518549,General Market
WVVA News,,Mobile App,white,Broadcast/Cable,"News Consumers, Current Events, Streaming, OTT",20054640,General Market
WWBT NBC 12 News,,Mobile App,white,Broadcast/Cable,"News Consumers, Current Events, Streaming, OTT",54218983,General Market
WWBT NBC12 News,,Mobile App,white,Broadcast/Cable,"News Consumers, Current Events, Streaming, OTT",13396840,General Market
WWNY 7News,,Mobile App,white,Broadcast/Cable,"News Consumers, Current Events, Streaming, OTT",15935422,General Market
WXIX FOX19 News,,Mobile App,white,Broadcast/Cable,"News Consumers, Current Events, Streaming, OTT",94782018,General Market
WXYZ 7 Action News Detroit,,Mobile App,white,Broadcast/Cable,"News Consumers, Current Events, Streaming, OTT",47030570,General Market
WXYZ Action News 7 Detroit,,CTV,white,Broadcast/Cable,"African American, Black Culture, Multicultural, News Consumers, Current Events, Streaming, OTT",,African American
WYFF News 4 - Greenville,,Mobile App,white,Broadcast/Cable,"News Consumers, Current Events, Streaming, OTT",14445849,General Market
WYMT News,,Mobile App,white,Broadcast/Cable,"News Consumers, Current Events, Streaming, OTT",45866564,General Market
Watch OWN,,CTV,white,Broadcast/Cable,"African American, Black Culture, Multicultural, Streaming, OTT",,African American
Way2News Daily News App,,Mobile App,white,Broadcast/Cable,"News Consumers, Current Events, Streaming, OTT",12875969,General Market
Weather Radar - Meteored News,,Mobile App,white,Broadcast/Cable,"News Consumers, Current Events, Streaming, OTT",2123958475,General Market
Western Mass News,,Mobile App,white,Broadcast/Cable,"News Consumers, Current Events, Streaming, OTT",43956538,General Market
Worldstar HipHop Videos & News,,Mobile App,white,Broadcast/Cable,"News Consumers, Current Events, Streaming, OTT",68030810,General Market
Yahoo Finance: Stock News,,Mobile App,white,Broadcast/Cable,"News Consumers, Current Events, Finance, Streaming, OTT",17849380,General Market
Yahoo Finance: Stocks & News,,Mobile App,white,Broadcast/Cable,"News Consumers, Current Events, Finance, Streaming, OTT",17278276,General Market
Yahoo Sports: Scores & News,,Mobile App,white,Broadcast/Cable,"News Consumers, Current Events, Sports Fans, Streaming, OTT",21026690,General Market
Yahoo Sports: Scores and News,,Mobile App,white,Broadcast/Cable,"News Consumers, Current Events, Sports Fans, Streaming, OTT",36871801,General Market
Zeam - Always Local News,,Mobile App,white,Broadcast/Cable,"News Consumers, Current Events, Streaming, OTT",294573515,General Market
Zeam News,,Mobile App,white,Broadcast/Cable,"News Consumers, Current Events, Streaming, OTT",1099924265,General Market
Zeam+News,,Mobile App,white,Broadcast/Cable,"News Consumers, Current Events, Streaming, OTT",61554492,General Market
america's voice news,,Mobile App,white,Broadcast/Cable,"News Consumers, Current Events, Streaming, OTT",11379379,General Market
azfamily (3TV & CBS 5),,Mobile App,white,Broadcast/Cable,"Family, Parents, Streaming, OTT",191425846,General Market
azfamily - Arizona News,,Mobile App,white,Broadcast/Cable,"News Consumers, Current Events, Family, Parents, Streaming, OTT",45394647,General Market
newsroomlabs.com dailyhub.com,,Mobile App,white,Broadcast/Cable,"News Consumers, Current Events, Streaming, OTT",9804907,General Market
newsroomlabs.com www.metropcs.mobi,,Mobile App,white,Broadcast/Cable,"News Consumers, Current Events, Streaming, OTT",574265164,General Market
scrippsnews,,Mobile App,white,Broadcast/Cable,"News Consumers, Current Events, Streaming, OTT",144622640,General Market
theScore: Sports News & Scores,,Mobile App,white,Broadcast/Cable,"News Consumers, Current Events, Sports Fans, Streaming, OTT",197872208,General Market
upday - Local & World News,,Mobile App,white,Broadcast/Cable,"News Consumers, Current Events, Streaming, OTT",300466031,General Market
upday news for Samsung,,Mobile App,white,Broadcast/Cable,"News Consumers, Current Events, Streaming, OTT",950892566,General Market
wftv news,,Mobile App,white,Broadcast/Cable,"News Consumers, Current Events, Streaming, OTT",15937402,General Market
wftv+news,,Mobile App,white,Broadcast/Cable,"News Consumers, Current Events, Streaming, OTT",16233397,General Market
wpxi news,,Mobile App,white,Broadcast/Cable,"News Consumers, Current Events, Streaming, OTT",23608749,General Market
wpxi+news,,Mobile App,white,Broadcast/Cable,"News Consumers, Current Events, Streaming, OTT",25717536,General Market
wsoc news,,Mobile App,white,Broadcast/Cable,"News Consumers, Current Events, Streaming, OTT",26866178,General Market
wsoc+news,,Mobile App,white,Broadcast/Cable,"News Consumers, Current Events, Streaming, OTT",25265312,General Market